"0","infected_case_plot <- ggplot(joined_data, aes(x = date, y = daily_infected_case_rate, fill = GDP_Status)) +"
"0","  geom_bar(stat = ""identity"", position = ""dodge"") +"
"0","  labs(title = ""Daily Infected Case Rate by GDP Status"","
"0","       x = ""Date"","
"0","       y = ""Daily Infected Case Rate"") +"
"0","  scale_x_date(date_breaks = ""1 month"", date_labels = ""%b %Y"") +  # Adjust date_breaks as needed"
"0","  theme(axis.text.x = element_text(angle = 90, hjust = 1))"
"0",""
"0","# Bar plot for daily death rate with fewer x-axis labels"
"0","death_rate_plot <- ggplot(joined_data, aes(x = date, y = daily_death_rate, fill = GDP_Status)) +"
"0","  geom_bar(stat = ""identity"", position = ""dodge"") +"
"0","  labs(title = ""Daily Death Rate by GDP Status"","
"0","       x = ""Date"","
"0","       y = ""Daily Death Rate"") +"
"0","  scale_x_date(date_breaks = ""1 month"", date_labels = ""%b %Y"") +  # Adjust date_breaks as needed"
"0","  theme(axis.text.x = element_text(angle = 90, hjust = 1))"
"0",""
"0","# Print the plots"
"0","print(infected_case_plot)"
