"0","convert_dates <- function(dates) {"
"0","  # Initialize an empty vector to store converted dates"
"0","  converted_dates <- vector(""character"", length(dates))"
"0","  "
"0","  # Define regex pattern to extract YYYY, MM, and DD"
"0","  pattern <- ""^(\\d{4})-(\\d{2})-(\\d{2})$"""
"0","  "
"0","  # Loop through each date"
"0","  for (i in seq_along(dates)) {"
"0","    # Check if date matches the pattern"
"0","    if (grepl(pattern, dates[i])) {"
"0","      # Extract YYYY, MM, and DD using regex"
"0","      YYYY <- substr(dates[i], 1, 4)"
"0","      MM <- substr(dates[i], 6, 7)"
"0","      DD <- substr(dates[i], 9, 10)"
"0","      "
"0","      # Check if MM > 12, then switch with DD"
"0","      if (as.numeric(MM) > 12) {"
"0","        temp <- MM"
"0","        MM <- DD"
"0","        DD <- temp"
"0","      }"
"0","      "
"0","      # Format the date into YYYY-MM-DD"
"0","      converted_dates[i] <- paste(YYYY, MM, DD, sep = ""-"")"
"0","    } else {"
"0","      # If date doesn't match the pattern, handle accordingly (optional)"
"0","      converted_dates[i] <- NA"
"0","    }"
"0","  }"
"0","  "
"0","  return(converted_dates)"
"0","}"
"0","# Applying to covid_data$date column"
"0","covid_data$date <- convert_dates(covid_data$date)"
"0",""
"0",""
"0",""
