"0","#create a data frame that maps inconsistent location names to standardized names"
"0","location_mapping <- data.frame("
"0","  original = c(""Australia"", ""Australia  "", ""China"", "" China"", ""France"", ""Iran"", ""iran"", ""Italy"", ""Itly"", ""Spain"", ""United Kingdom"", ""UnitedKingdom"", ""United States"", ""United Stats""),"
"0","  standardized = c(""Australia"", ""Australia"", ""China"", ""China"", ""France"", ""Iran"", ""Iran"", ""Italy"", ""Italy"", ""Spain"", ""United Kingdom"", ""United Kingdom"", ""United States"", ""United States"")"
"0",")"
"0",""
"0",""
"0","#Create a function to standardize the location names based on the mapping"
"0","standardize_location <- function(df, column_name, mapping_df) {"
"0","  df[[column_name]] <- mapping_df$standardized[match(df[[column_name]], mapping_df$original)]"
"0","  df[[column_name]][is.na(df[[column_name]])] <- df[[column_name]][is.na(df[[column_name]])]"
"0","  return(df)"
"0","}"
"0",""
